Country,State,Confirmed,Deaths,Recovered,Date,,,,,,,,,,
Russia,Berlin,1486,,50392,5/7/2022,,,,,,,,,,
France,New York,24762,2656,51021,1/29/2022,,,,,,,,,,
United Kingdom,Karnataka,27613,4875,18420,7/20/2021,,,,,,,,,,
United States,Florida,4196,2299,17202,7/4/2022,,,,,,,,,,
Russia,Moscow,,3882,2394,12/21/2021,,,,,,,,,,
Mexico,Paris,77349,1495,31485,1/17/2020,,,,,,,,,,
France,New York,65839,3161,,3/8/2020,,,,,,,,,,
Italy,Karnataka,42916,1450,15939,5/12/2020,,,,,,,,,,
France,Paris,9572,775,42735,11/30/2021,,,,,,,,,,
United States,London,29225,4489,28159,7/7/2022,,,,,,,,,,
Italy,Paris,,2448,,3/5/2021,,,,,,,,,,
Spain,California,,4102,68365,11/3/2020,,,,,,,,,,
Italy,New York,33275,4793,68806,10/11/2021,,,,,,,,,,
Russia,Texas,73379,1159,57197,6/22/2020,,,,,,,,,,
Spain,Berlin,2105,3575,17151,2/15/2021,,,,,,,,,,
France,Moscow,60896,4152,49544,4/6/2020,,,,,,,,,,
Mexico,Texas,44209,1982,15133,11/13/2021,,,,,,,,,,
Germany,Karnataka,98175,2676,1069,6/2/2020,,,,,,,,,,
Mexico,New York,43487,473,,11/25/2021,,,,,,,,,,
France,Berlin,19051,4228,68009,8/29/2020,,,,,,,,,,
United States,Paris,95244,2191,33538,10/30/2020,,,,,,,,,,
Germany,New York,78400,1652,49588,10/11/2020,,,,,,,,,,
France,Paris,67961,3898,67293,1/27/2020,,,,,,,,,,
United Kingdom,London,61156,850,38638,2/5/2021,,,,,,,,,,
Russia,California,58175,2664,63810,12/25/2020,,,,,,,,,,
United Kingdom,Maharashtra,,4128,29257,2/29/2020,,,,,,,,,,
Spain,New York,19976,575,56651,7/20/2020,,,,,,,,,,
Brazil,Karnataka,57866,974,49772,1/31/2022,,,,,,,,,,
France,Paris,48078,,,5/23/2022,,,,,,,,,,
India,Texas,32113,1005,11344,8/3/2021,,,,,,,,,,
India,London,16401,1197,51955,8/27/2022,,,,,,,,,,
Italy,Karnataka,13884,4931,68947,1/4/2021,,,,,,,,,,
Mexico,Moscow,,4321,43566,6/16/2021,,,,,,,,,,
Mexico,Maharashtra,38563,,40504,5/31/2020,,,,,,,,,,
Mexico,London,35414,666,38833,4/11/2020,,,,,,,,,,
United Kingdom,California,17142,2992,40197,6/17/2022,,,,,,,,,,
Russia,Maharashtra,72492,1123,18134,9/26/2022,,,,,,,,,,
France,Paris,80464,4416,25061,8/29/2021,,,,,,,,,,
United States,Karnataka,76257,,18533,3/21/2021,,,,,,,,,,
Italy,Moscow,,3029,55563,5/22/2022,,,,,,,,,,
Spain,Florida,36135,2314,26421,8/16/2020,,,,,,,,,,
Germany,California,73232,2590,19840,5/4/2020,,,,,,,,,,
Spain,Berlin,28862,61,63281,2/8/2022,,,,,,,,,,
France,Paris,6190,1371,15401,4/13/2022,,,,,,,,,,
Brazil,Florida,71199,1204,11138,9/25/2022,,,,,,,,,,
Mexico,New York,5331,4029,39096,5/30/2022,,,,,,,,,,
Germany,Moscow,53186,3148,44824,7/26/2022,,,,,,,,,,
United Kingdom,Texas,45648,1658,,8/23/2020,,,,,,,,,,
France,Berlin,29549,681,25878,6/10/2020,,,,,,,,,,
Brazil,Karnataka,82782,787,51367,7/7/2021,,,,,,,,,,
United Kingdom,Moscow,26761,4937,43375,2/26/2022,,,,,,,,,,
Brazil,Maharashtra,4262,2289,64877,12/18/2020,,,,,,,,,,
Mexico,London,52259,3032,55191,3/8/2020,,,,,,,,,,
United Kingdom,Maharashtra,,,64803,6/21/2020,,,,,,,,,,
Russia,Maharashtra,,3149,61339,4/22/2022,,,,,,,,,,
India,New York,88858,1084,49563,9/28/2021,,,,,,,,,,
Spain,California,85667,1726,5992,11/12/2021,,,,,,,,,,
Russia,Texas,,1293,31857,7/12/2021,,,,,,,,,,
Germany,Berlin,74508,4696,32814,9/17/2020,,,,,,,,,,
Italy,California,81865,1996,49197,8/4/2020,,,,,,,,,,
India,Moscow,51617,2643,,3/27/2022,,,,,,,,,,
Russia,Maharashtra,87029,1011,,5/3/2020,,,,,,,,,,
France,New York,19595,1056,60511,3/15/2022,,,,,,,,,,
Brazil,Moscow,88459,2186,11186,6/10/2020,,,,,,,,,,
Germany,London,61148,,37949,7/19/2020,,,,,,,,,,
France,Texas,47926,1865,62106,3/29/2021,,,,,,,,,,
India,Berlin,76271,510,19391,2/5/2021,,,,,,,,,,
Brazil,London,35457,2243,52615,4/6/2021,,,,,,,,,,
Germany,New York,43531,4584,61219,10/1/2020,,,,,,,,,,
Italy,Texas,,2549,37223,7/24/2020,,,,,,,,,,
India,Moscow,74300,4618,30377,2/9/2020,,,,,,,,,,
Germany,Maharashtra,64171,3724,14526,9/29/2020,,,,,,,,,,
Russia,Maharashtra,46771,2342,20922,11/30/2021,,,,,,,,,,
Germany,Paris,94135,610,,5/16/2022,,,,,,,,,,
India,Maharashtra,67354,4294,33981,4/2/2020,,,,,,,,,,
Mexico,Florida,38289,998,58531,2/11/2020,,,,,,,,,,
Russia,Maharashtra,34892,1891,9021,4/9/2021,,,,,,,,,,
France,Florida,72196,4493,2246,1/13/2021,,,,,,,,,,
India,Karnataka,96057,1764,68732,4/16/2020,,,,,,,,,,
Mexico,Florida,39409,2474,12512,11/23/2020,,,,,,,,,,
United States,Texas,35470,2233,23957,3/5/2020,,,,,,,,,,
Italy,London,,4492,30460,12/30/2020,,,,,,,,,,
Mexico,Texas,24296,1504,8410,3/31/2022,,,,,,,,,,
United States,London,62716,862,3193,4/28/2021,,,,,,,,,,
Spain,Paris,90152,461,16358,10/8/2021,,,,,,,,,,
Brazil,Karnataka,27382,,29310,6/19/2022,,,,,,,,,,
Mexico,London,77675,1768,20592,1/24/2020,,,,,,,,,,
United Kingdom,London,,4318,,6/23/2021,,,,,,,,,,
Italy,New York,,,58605,3/2/2020,,,,,,,,,,
Mexico,California,94321,4146,31005,5/5/2021,,,,,,,,,,
United States,California,82238,4705,29055,9/29/2020,,,,,,,,,,
United Kingdom,New York,,3348,,8/16/2020,,,,,,,,,,
Italy,Maharashtra,,2598,12325,1/20/2020,,,,,,,,,,
United Kingdom,New York,13397,,,1/3/2020,,,,,,,,,,
Russia,London,58888,3530,536,2/24/2021,,,,,,,,,,
United States,London,,1789,39551,12/30/2021,,,,,,,,,,
Germany,New York,63182,3142,60571,6/29/2022,,,,,,,,,,
Russia,New York,93476,3583,,11/2/2020,,,,,,,,,,
Italy,Maharashtra,43249,3228,37148,3/7/2021,,,,,,,,,,
Italy,Texas,,3767,,5/15/2020,,,,,,,,,,
India,Karnataka,76603,4026,65629,6/27/2022,,,,,,,,,,
United States,Moscow,47144,2847,8828,8/1/2022,,,,,,,,,,
Spain,London,62772,2391,6833,5/29/2021,,,,,,,,,,
Spain,Karnataka,80360,4249,47138,7/11/2020,,,,,,,,,,
Italy,New York,14444,3946,11768,8/7/2021,,,,,,,,,,
Spain,Maharashtra,46647,4438,17545,2/18/2021,,,,,,,,,,
Brazil,Florida,99843,,41241,5/22/2022,,,,,,,,,,
India,Maharashtra,11974,4160,43270,4/27/2020,,,,,,,,,,
Italy,Berlin,39383,1340,8387,10/27/2021,,,,,,,,,,
Spain,Berlin,95826,2927,25418,7/27/2020,,,,,,,,,,
United States,Karnataka,82552,1456,35997,8/9/2022,,,,,,,,,,
Mexico,California,98648,1450,61509,2/3/2020,,,,,,,,,,
Germany,Berlin,95049,3754,12429,10/10/2021,,,,,,,,,,
Russia,Berlin,3956,2854,62262,11/13/2020,,,,,,,,,,
Russia,Texas,9077,4185,,4/29/2020,,,,,,,,,,
Brazil,Florida,37490,874,37838,9/18/2021,,,,,,,,,,
United Kingdom,Texas,56612,481,34783,6/8/2021,,,,,,,,,,
United States,Florida,37159,1512,47066,8/3/2021,,,,,,,,,,
United Kingdom,Paris,40710,,28513,7/25/2022,,,,,,,,,,
India,Moscow,84536,1420,52632,4/24/2022,,,,,,,,,,
Germany,London,14806,,28584,2/7/2022,,,,,,,,,,
India,Berlin,79345,1915,21643,3/29/2020,,,,,,,,,,
Italy,London,81391,4669,14679,5/26/2021,,,,,,,,,,
United States,Berlin,95924,,59226,2/16/2020,,,,,,,,,,
Italy,Texas,7458,,10722,2/10/2022,,,,,,,,,,
France,Moscow,36524,3493,60465,1/9/2022,,,,,,,,,,
Spain,Texas,7853,4572,64568,8/16/2022,,,,,,,,,,
Russia,Texas,41477,608,24449,11/22/2021,,,,,,,,,,
Mexico,Florida,33222,1001,16616,6/5/2021,,,,,,,,,,
Italy,California,19320,1942,51552,10/10/2020,,,,,,,,,,
United Kingdom,Maharashtra,95154,2794,51869,1/11/2021,,,,,,,,,,
France,Karnataka,53243,3051,49317,9/29/2021,,,,,,,,,,
Russia,London,46615,76,30155,5/13/2020,,,,,,,,,,
Italy,Paris,18352,3408,58302,10/28/2021,,,,,,,,,,
France,Berlin,73833,2760,48132,9/4/2020,,,,,,,,,,
France,Texas,94476,479,14693,10/13/2021,,,,,,,,,,
United States,California,4203,1734,31276,11/13/2020,,,,,,,,,,
India,Texas,,3995,43725,3/11/2021,,,,,,,,,,
France,Moscow,38941,1641,,6/24/2020,,,,,,,,,,
Brazil,Florida,83809,,65951,4/14/2022,,,,,,,,,,
India,Paris,26368,3022,,11/16/2021,,,,,,,,,,
Russia,Maharashtra,78186,2513,19395,9/19/2022,,,,,,,,,,
Russia,Moscow,31984,1496,66282,8/8/2021,,,,,,,,,,
Russia,New York,42941,4029,21709,12/16/2020,,,,,,,,,,
Russia,Paris,73918,4237,62307,5/22/2020,,,,,,,,,,
Brazil,Texas,53683,939,23586,8/24/2022,,,,,,,,,,
Italy,Moscow,18010,3022,27707,3/14/2022,,,,,,,,,,
Germany,Maharashtra,48965,1515,21397,2/1/2021,,,,,,,,,,
France,California,86269,4739,63583,9/15/2021,,,,,,,,,,
Russia,California,,2954,67457,12/18/2021,,,,,,,,,,
India,London,36969,2829,7783,10/4/2021,,,,,,,,,,
India,Maharashtra,83269,1194,755,1/3/2021,,,,,,,,,,
France,California,33449,298,15987,5/15/2021,,,,,,,,,,
Italy,Moscow,92679,1821,19846,9/13/2021,,,,,,,,,,
Mexico,London,26705,,35550,1/4/2021,,,,,,,,,,
Mexico,California,,926,9244,8/1/2021,,,,,,,,,,
Germany,Paris,,1718,25256,1/16/2021,,,,,,,,,,
Italy,Florida,31720,3584,62096,3/26/2020,,,,,,,,,,
France,New York,10972,,25646,2/25/2022,,,,,,,,,,
Mexico,Maharashtra,34351,1416,55532,1/8/2022,,,,,,,,,,
Mexico,Moscow,37145,1251,43187,4/4/2021,,,,,,,,,,
Mexico,Berlin,88948,3143,46603,8/7/2022,,,,,,,,,,
United Kingdom,Texas,90614,808,22476,11/20/2020,,,,,,,,,,
Brazil,Moscow,89116,1533,63363,6/5/2021,,,,,,,,,,
France,California,57235,4117,1091,5/3/2021,,,,,,,,,,
Spain,Moscow,15855,4938,6777,7/17/2022,,,,,,,,,,
United States,Berlin,37169,2898,62360,1/31/2021,,,,,,,,,,
United States,Texas,47404,2700,2760,6/14/2022,,,,,,,,,,
Italy,London,20569,4101,66383,12/20/2020,,,,,,,,,,
France,California,,1251,25241,8/4/2022,,,,,,,,,,
France,Karnataka,,,37711,10/14/2020,,,,,,,,,,
United States,California,26738,537,42042,4/3/2021,,,,,,,,,,
Germany,New York,7772,1505,7369,9/15/2021,,,,,,,,,,
United States,Karnataka,91410,3835,65232,9/24/2022,,,,,,,,,,
France,New York,20731,2903,,6/19/2021,,,,,,,,,,
Mexico,Berlin,11131,902,36113,10/17/2020,,,,,,,,,,
Germany,Maharashtra,67324,396,57516,4/30/2022,,,,,,,,,,
Russia,Texas,55097,1259,60610,4/17/2022,,,,,,,,,,
Spain,Florida,82720,2538,34533,6/16/2020,,,,,,,,,,
United Kingdom,London,97433,4513,45713,8/7/2022,,,,,,,,,,
Brazil,Florida,3889,,62493,9/12/2021,,,,,,,,,,
Russia,Paris,10569,907,13438,3/3/2021,,,,,,,,,,
India,Paris,88193,720,2774,12/2/2021,,,,,,,,,,
United States,Berlin,76677,3705,32315,5/4/2021,,,,,,,,,,
Spain,Maharashtra,86192,2696,19461,12/20/2020,,,,,,,,,,
United States,Paris,88154,4522,20544,7/14/2020,,,,,,,,,,
United States,California,78470,,22475,6/28/2021,,,,,,,,,,
Russia,Moscow,,1481,15206,12/17/2021,,,,,,,,,,
Mexico,New York,8612,4190,6474,4/3/2022,,,,,,,,,,
Mexico,Paris,52644,4272,21713,7/20/2022,,,,,,,,,,
United Kingdom,Berlin,33069,2441,2450,11/24/2021,,,,,,,,,,
Germany,New York,,2525,10911,10/20/2021,,,,,,,,,,
United States,California,28331,1105,46656,7/27/2022,,,,,,,,,,
Italy,Maharashtra,56897,819,63244,2/18/2022,,,,,,,,,,
Mexico,Texas,14934,,18271,1/11/2020,,,,,,,,,,
France,Florida,11095,1002,35553,8/4/2021,,,,,,,,,,
Spain,California,92494,1291,,9/12/2020,,,,,,,,,,
Italy,London,19706,4380,7545,1/30/2021,,,,,,,,,,
Russia,Karnataka,44516,1783,58123,12/31/2021,,,,,,,,,,
Russia,Berlin,98008,,30214,3/19/2022,,,,,,,,,,
United Kingdom,Florida,35629,3826,34886,2/12/2021,,,,,,,,,,
United Kingdom,London,47910,1766,9062,12/27/2020,,,,,,,,,,
Germany,Texas,89540,2383,55548,9/15/2020,,,,,,,,,,
France,London,21431,2586,12526,1/3/2020,,,,,,,,,,
Spain,Maharashtra,57733,,32089,3/24/2020,,,,,,,,,,
France,Karnataka,41088,4194,,6/4/2020,,,,,,,,,,
India,New York,45135,717,23947,10/24/2021,,,,,,,,,,
United Kingdom,Florida,39015,2407,55208,6/24/2020,,,,,,,,,,
Germany,Karnataka,32385,4492,64425,12/7/2021,,,,,,,,,,
Brazil,Moscow,71199,2144,52074,7/26/2022,,,,,,,,,,
United States,California,39677,,19312,4/16/2021,,,,,,,,,,
United States,Moscow,13818,,55809,9/10/2021,,,,,,,,,,
Brazil,California,89222,986,64730,2/27/2021,,,,,,,,,,
Mexico,Maharashtra,64001,744,42128,5/13/2020,,,,,,,,,,
France,Karnataka,24977,,41081,2/26/2022,,,,,,,,,,
Brazil,Texas,50832,2550,47128,6/25/2022,,,,,,,,,,
Germany,Paris,41931,642,25605,5/13/2022,,,,,,,,,,
Spain,London,,,69657,1/14/2021,,,,,,,,,,
Brazil,Paris,79894,4109,32942,10/28/2021,,,,,,,,,,
Germany,Karnataka,73204,2911,2847,10/3/2020,,,,,,,,,,
United Kingdom,Moscow,46784,1673,,8/23/2020,,,,,,,,,,
Italy,Paris,10921,2025,17610,1/21/2022,,,,,,,,,,
Russia,Berlin,35959,3191,62670,5/31/2022,,,,,,,,,,
Russia,Paris,33328,4073,5423,1/13/2020,,,,,,,,,,
India,California,9859,2640,,12/7/2020,,,,,,,,,,
France,Berlin,90506,3882,63271,2/4/2020,,,,,,,,,,
Spain,Florida,75408,1064,48635,7/12/2021,,,,,,,,,,
Italy,Paris,85766,390,19699,8/1/2020,,,,,,,,,,
Italy,Berlin,27708,,9566,2/15/2021,,,,,,,,,,
United Kingdom,Karnataka,19847,2401,52636,2/8/2021,,,,,,,,,,
Brazil,London,56989,1602,37075,5/8/2021,,,,,,,,,,
France,Florida,93641,4271,47233,10/19/2021,,,,,,,,,,
United States,Texas,5922,,17491,6/7/2020,,,,,,,,,,
Italy,Texas,70928,2399,23053,8/13/2022,,,,,,,,,,
Germany,Maharashtra,,3563,1134,9/28/2021,,,,,,,,,,
United States,Paris,14541,3037,13271,4/19/2020,,,,,,,,,,
India,London,20551,1217,18798,7/2/2021,,,,,,,,,,
Brazil,New York,20381,3863,36499,2/27/2022,,,,,,,,,,
Brazil,Berlin,56673,554,60148,6/9/2021,,,,,,,,,,
Spain,Florida,23948,3091,,9/11/2022,,,,,,,,,,
Italy,Karnataka,93264,3673,69874,12/12/2020,,,,,,,,,,
United Kingdom,Paris,60072,2249,68009,1/13/2022,,,,,,,,,,
Mexico,Karnataka,68560,2377,44940,4/7/2022,,,,,,,,,,
Mexico,New York,83249,3783,32155,9/27/2021,,,,,,,,,,
Russia,Maharashtra,3486,2637,43539,10/5/2020,,,,,,,,,,
Germany,New York,67691,,55755,4/23/2021,,,,,,,,,,
United States,California,,2484,55489,4/20/2020,,,,,,,,,,
India,Moscow,851050,3140,11744,9/27/2021,,,,,,,,,,
Russia,Florida,8086,3517,,7/13/2022,,,,,,,,,,
Brazil,Moscow,68853,106,40051,3/6/2021,,,,,,,,,,
United States,New York,71027,3868,63730,6/25/2021,,,,,,,,,,
France,Maharashtra,16916,2718,,4/24/2020,,,,,,,,,,
Italy,Maharashtra,16248,3346,69858,3/30/2020,,,,,,,,,,
India,Texas,69047,466,29378,7/30/2020,,,,,,,,,,
France,Paris,25226,4378,36657,7/3/2021,,,,,,,,,,
United Kingdom,Texas,26025,2997,,8/17/2021,,,,,,,,,,
Italy,Florida,49380,4098,27680,6/22/2021,,,,,,,,,,
United States,Florida,8848,3894,4188,12/29/2021,,,,,,,,,,
Italy,Florida,15274,1041,10416,12/25/2020,,,,,,,,,,
Russia,Karnataka,55545,217,56863,4/30/2021,,,,,,,,,,
Spain,Texas,97494,1947,27860,1/6/2021,,,,,,,,,,
Russia,Karnataka,36233,1156,38305,8/2/2020,,,,,,,,,,
United Kingdom,Moscow,17304,4309,13953,1/2/2022,,,,,,,,,,
Germany,Paris,,2574,23203,1/15/2020,,,,,,,,,,
France,New York,27425,452,59521,8/12/2022,,,,,,,,,,
Russia,Berlin,,4794,,9/15/2020,,,,,,,,,,
Spain,Texas,94311,842,48768,2/16/2022,,,,,,,,,,
Germany,Berlin,10425,1471,34748,4/7/2021,,,,,,,,,,
Russia,Maharashtra,92549,3526,,4/29/2020,,,,,,,,,,
Brazil,Texas,,1169,42539,9/2/2022,,,,,,,,,,
Spain,Moscow,45990,396,48300,7/1/2022,,,,,,,,,,
France,Texas,74746,2051,41261,5/7/2020,,,,,,,,,,
India,Karnataka,69295,2563,44163,12/23/2021,,,,,,,,,,
Mexico,Paris,17091,1728,40912,6/6/2021,,,,,,,,,,
Germany,New York,1002,,35867,11/18/2021,,,,,,,,,,
Brazil,London,51411,4060,6313,10/6/2021,,,,,,,,,,
India,New York,41958,3419,60394,11/20/2020,,,,,,,,,,
United States,New York,96696,699,51944,11/15/2020,,,,,,,,,,
Spain,Maharashtra,,1179,34769,5/20/2021,,,,,,,,,,
Brazil,Moscow,16248,4998,62248,6/9/2021,,,,,,,,,,
Italy,Berlin,72309,962,,2/19/2020,,,,,,,,,,
United States,Moscow,79322,4889,40818,7/10/2022,,,,,,,,,,
United States,London,52720,4600,37518,8/6/2021,,,,,,,,,,
Germany,Maharashtra,16037,3506,40259,3/9/2020,,,,,,,,,,
Spain,Paris,68421,3927,16998,1/25/2021,,,,,,,,,,
Brazil,New York,82867,4852,26489,1/17/2021,,,,,,,,,,
United Kingdom,Karnataka,41612,2494,26068,1/16/2020,,,,,,,,,,
Brazil,Maharashtra,89031,1864,67077,3/14/2021,,,,,,,,,,
Russia,Florida,14450,3449,30599,4/25/2022,,,,,,,,,,
United States,Texas,10491,3241,41139,5/18/2022,,,,,,,,,,
France,Moscow,,2607,23982,7/21/2021,,,,,,,,,,
United States,Maharashtra,94293,3993,69712,9/8/2021,,,,,,,,,,
United States,Florida,7791,2201,55761,5/11/2020,,,,,,,,,,
Mexico,Berlin,29314,2645,30548,9/22/2022,,,,,,,,,,
Italy,London,52883,,3565,7/13/2021,,,,,,,,,,
United Kingdom,London,95119,3822,2536,9/4/2020,,,,,,,,,,
India,New York,88086,3350,36314,9/29/2020,,,,,,,,,,
India,New York,66629,3921,60194,9/14/2021,,,,,,,,,,
Italy,Maharashtra,,1806,17424,7/20/2022,,,,,,,,,,
United States,Maharashtra,82754,4373,60704,4/17/2022,,,,,,,,,,
India,Paris,44220,1772,33344,4/27/2022,,,,,,,,,,
Spain,Texas,75163,4482,22018,12/14/2020,,,,,,,,,,
United Kingdom,California,5947,3295,17559,4/28/2021,,,,,,,,,,
India,Berlin,40419,1595,23552,7/3/2021,,,,,,,,,,
Italy,New York,,3573,9180,12/22/2020,,,,,,,,,,
Russia,California,89714,,67521,1/21/2022,,,,,,,,,,
India,California,29876,,20543,11/13/2020,,,,,,,,,,
United Kingdom,Texas,89444,,2919,9/24/2021,,,,,,,,,,
Germany,Karnataka,20971,3110,57392,2/17/2020,,,,,,,,,,
Germany,Karnataka,63539,3254,17640,1/10/2020,,,,,,,,,,
Spain,New York,99120,1050,43984,8/20/2020,,,,,,,,,,
Brazil,Florida,50228,3137,,2/5/2020,,,,,,,,,,
Brazil,Texas,75495,,45710,2/16/2021,,,,,,,,,,
India,Texas,29261,3639,58100,4/6/2021,,,,,,,,,,
France,Moscow,62260,2124,,1/4/2020,,,,,,,,,,
Russia,California,82371,1687,61192,2/13/2020,,,,,,,,,,
Italy,Moscow,85793,3104,62612,7/21/2021,,,,,,,,,,
Russia,California,4346,1008,31610,7/7/2021,,,,,,,,,,
Germany,Karnataka,97343,2294,16860,9/11/2020,,,,,,,,,,
India,New York,96954,,49910,1/9/2022,,,,,,,,,,
United Kingdom,Berlin,57176,1171,3517,4/23/2020,,,,,,,,,,
Italy,Karnataka,,2530,60624,1/18/2022,,,,,,,,,,
Russia,Texas,12340,3865,51449,1/31/2021,,,,,,,,,,
United Kingdom,Berlin,340120,,58768,6/22/2020,,,,,,,,,,
Italy,Maharashtra,36393,704,66820,9/11/2020,,,,,,,,,,
Russia,Berlin,76133,4422,31627,4/10/2021,,,,,,,,,,
Spain,Berlin,26557,,3696,7/17/2022,,,,,,,,,,
Germany,Karnataka,65204,3808,41800,10/3/2020,,,,,,,,,,
United States,Texas,74273,3693,50214,4/8/2021,,,,,,,,,,
Italy,Berlin,18276,1981,32421,4/26/2022,,,,,,,,,,
Germany,Karnataka,55639,1513,5246,5/16/2021,,,,,,,,,,
Mexico,Karnataka,8310,3259,69035,3/16/2021,,,,,,,,,,
France,Berlin,36167,4228,65850,3/9/2020,,,,,,,,,,
India,California,85880,3252,50845,5/23/2021,,,,,,,,,,
Mexico,Texas,11391,,49720,11/21/2020,,,,,,,,,,
United Kingdom,London,51621,1681,22563,1/11/2022,,,,,,,,,,
Italy,Berlin,11892,1092,46471,3/7/2020,,,,,,,,,,
India,Moscow,77733,1738,4098,10/30/2020,,,,,,,,,,
India,Moscow,79586,3861,11064,8/29/2022,,,,,,,,,,
Mexico,Maharashtra,37142,2152,50225,4/28/2021,,,,,,,,,,
Mexico,Texas,46679,,60440,7/17/2022,,,,,,,,,,
United States,Karnataka,,263,62585,7/1/2021,,,,,,,,,,
Russia,Paris,,4112,18362,2/20/2021,,,,,,,,,,
Italy,New York,80071,3552,10765,6/7/2020,,,,,,,,,,
Germany,Florida,42002,2785,10205,5/28/2020,,,,,,,,,,
Brazil,Paris,71658,4647,55779,1/27/2020,,,,,,,,,,
Italy,Texas,10852,3343,62971,9/13/2022,,,,,,,,,,
Italy,Texas,6387,4194,63479,8/6/2021,,,,,,,,,,
Italy,Berlin,98295,3289,56328,9/4/2020,,,,,,,,,,
India,Berlin,40994,4318,46604,4/10/2020,,,,,,,,,,
United Kingdom,Paris,34725,2891,41434,12/2/2021,,,,,,,,,,
India,Karnataka,73682,275,6550,4/5/2020,,,,,,,,,,
United Kingdom,Maharashtra,1560,2350,44452,1/18/2021,,,,,,,,,,
Mexico,Berlin,575650,3158,8984,10/8/2020,,,,,,,,,,
Brazil,Florida,2312,,63148,11/17/2020,,,,,,,,,,
India,Florida,19205,1014,60445,1/30/2021,,,,,,,,,,
United Kingdom,Maharashtra,,2104,54178,10/4/2020,,,,,,,,,,
India,California,88566,,,6/12/2021,,,,,,,,,,
France,California,22329,3281,35861,9/19/2020,,,,,,,,,,
India,Texas,69187,4532,10815,9/10/2021,,,,,,,,,,
Brazil,Berlin,76542,219,48468,8/2/2021,,,,,,,,,,
Brazil,Moscow,36645,897,27019,10/1/2021,,,,,,,,,,
United Kingdom,Paris,88502,163,9607,10/19/2020,,,,,,,,,,
United Kingdom,London,94382,3603,56281,10/20/2020,,,,,,,,,,
Mexico,Maharashtra,88310,,4369,8/30/2021,,,,,,,,,,
Brazil,Texas,,3434,27870,1/29/2021,,,,,,,,,,
Brazil,Moscow,34513,1294,63195,5/27/2021,,,,,,,,,,
United States,Berlin,,3158,60922,7/9/2022,,,,,,,,,,
Italy,Moscow,31783,778,8471,3/20/2022,,,,,,,,,,
Spain,Moscow,61645,992,26151,6/28/2020,,,,,,,,,,
India,Maharashtra,,3212,57474,7/8/2022,,,,,,,,,,
Russia,Texas,54175,4684,,11/23/2021,,,,,,,,,,
Mexico,Karnataka,85216,3536,38608,8/22/2020,,,,,,,,,,
Italy,Florida,63709,2797,4323,8/9/2022,,,,,,,,,,
Spain,Paris,18323,2220,13954,4/10/2022,,,,,,,,,,
United States,Texas,51762,1048,4432,12/2/2020,,,,,,,,,,
Russia,London,89220,3942,,1/8/2020,,,,,,,,,,
United Kingdom,Moscow,65222,551,68465,3/18/2021,,,,,,,,,,
Brazil,Karnataka,35493,368,28708,7/29/2022,,,,,,,,,,
France,Maharashtra,59328,859,,6/22/2021,,,,,,,,,,
Mexico,New York,13213,4532,44545,3/30/2022,,,,,,,,,,
Germany,Paris,98367,2554,11037,10/19/2021,,,,,,,,,,
Brazil,Paris,47930,4591,69634,3/31/2020,,,,,,,,,,
France,Florida,28713,1841,14282,5/3/2022,,,,,,,,,,
Spain,New York,73723,1482,66087,9/28/2020,,,,,,,,,,
United Kingdom,Berlin,99336,1446,22572,4/13/2022,,,,,,,,,,
Russia,New York,33583,339,46202,1/5/2020,,,,,,,,,,
Spain,Moscow,80944,4364,6557,8/16/2021,,,,,,,,,,
Brazil,Moscow,23369,4248,31416,6/17/2022,,,,,,,,,,
Brazil,Moscow,48928,4018,27768,8/6/2020,,,,,,,,,,
Russia,Moscow,69950,4732,44478,4/27/2020,,,,,,,,,,
Germany,Texas,20510,1398,23759,8/15/2021,,,,,,,,,,
France,Paris,13120,4195,,9/2/2022,,,,,,,,,,
Spain,New York,99575,729,34793,8/4/2021,,,,,,,,,,
United Kingdom,Paris,6295,3245,7543,4/24/2020,,,,,,,,,,
Brazil,London,21460,4586,50930,9/19/2020,,,,,,,,,,
Spain,New York,15963,2141,,11/1/2020,,,,,,,,,,
Germany,Texas,78116,,41142,10/15/2021,,,,,,,,,,
Spain,London,88822,682,31368,2/25/2021,,,,,,,,,,
Russia,Paris,28328,526,26809,9/26/2022,,,,,,,,,,
United Kingdom,London,85629,,23784,7/25/2020,,,,,,,,,,
United States,Florida,,3680,69500,9/14/2021,,,,,,,,,,
Russia,London,45813,791,62607,10/29/2020,,,,,,,,,,
Spain,New York,47371,3533,65549,4/21/2020,,,,,,,,,,
United States,Moscow,48598,3568,29765,2/20/2021,,,,,,,,,,
Brazil,Moscow,61776,2396,24380,7/8/2021,,,,,,,,,,
United States,Berlin,73258,4792,755,5/8/2022,,,,,,,,,,
Germany,Paris,41969,1599,2002,10/11/2020,,,,,,,,,,
India,Florida,379120,1511,,10/1/2021,,,,,,,,,,
Germany,New York,39374,3804,41866,7/3/2020,,,,,,,,,,
Russia,New York,73302,4328,27925,1/10/2022,,,,,,,,,,
India,Maharashtra,63784,3090,52828,6/19/2022,,,,,,,,,,
Russia,California,50882,1086,67896,8/8/2020,,,,,,,,,,
Mexico,Paris,16928,,6306,5/13/2022,,,,,,,,,,
United Kingdom,New York,22274,512,17606,3/19/2021,,,,,,,,,,
Italy,Karnataka,35416,1349,57231,4/26/2020,,,,,,,,,,
Brazil,New York,87148,3895,33099,3/10/2020,,,,,,,,,,
Brazil,Maharashtra,61998,633,9504,6/16/2022,,,,,,,,,,
Mexico,London,30047,1896,51864,3/10/2020,,,,,,,,,,
Spain,Texas,44356,3360,26292,9/13/2021,,,,,,,,,,
France,Texas,38134,1060,65412,3/2/2021,,,,,,,,,,
Russia,Karnataka,68042,3782,55145,10/5/2021,,,,,,,,,,
Italy,Karnataka,52310,3926,7732,7/21/2021,,,,,,,,,,
Italy,Berlin,,4028,,9/15/2022,,,,,,,,,,
Germany,Texas,13363,1339,49042,3/18/2021,,,,,,,,,,
Germany,London,86149,,6413,8/23/2021,,,,,,,,,,
France,Texas,45563,3377,11067,5/16/2020,,,,,,,,,,
Spain,California,31628,3961,38879,5/18/2021,,,,,,,,,,
Mexico,Paris,70672,2507,819,5/10/2020,,,,,,,,,,
United States,Texas,47246,1583,5291,8/5/2020,,,,,,,,,,
Germany,Moscow,12161,2644,829,11/18/2021,,,,,,,,,,
Spain,Berlin,,2778,61532,6/19/2020,,,,,,,,,,
United Kingdom,Maharashtra,,1221,44578,4/19/2021,,,,,,,,,,
Brazil,Karnataka,,785,21800,9/3/2021,,,,,,,,,,
Brazil,California,60860,1170,51445,9/18/2022,,,,,,,,,,
Spain,Karnataka,78199,2393,56109,5/8/2020,,,,,,,,,,
France,Berlin,72688,2664,61062,2/26/2020,,,,,,,,,,
Mexico,New York,66548,3550,62401,6/29/2020,,,,,,,,,,
Italy,California,63363,4707,,9/2/2020,,,,,,,,,,
France,Florida,12162,4645,63615,5/23/2020,,,,,,,,,,
Spain,California,88858,1105,28176,2/20/2020,,,,,,,,,,
Mexico,Berlin,74535,33,62210,1/2/2021,,,,,,,,,,
Mexico,Maharashtra,8219,4729,60577,4/3/2021,,,,,,,,,,
Russia,California,71864,3566,45940,8/5/2020,,,,,,,,,,
India,Berlin,4621,1089,37423,9/7/2021,,,,,,,,,,
Brazil,London,90792,4328,30302,6/13/2022,,,,,,,,,,
Spain,Paris,,188,63404,7/20/2021,,,,,,,,,,
Italy,Texas,77850,2857,60662,9/13/2020,,,,,,,,,,
India,London,,1970,65669,5/7/2022,,,,,,,,,,
United Kingdom,Berlin,55951,1483,68647,6/4/2020,,,,,,,,,,
Germany,Moscow,82718,,22575,7/18/2021,,,,,,,,,,
Russia,New York,37558,,9804,3/17/2021,,,,,,,,,,
Germany,Texas,16659,1222,60122,4/20/2022,,,,,,,,,,
India,Moscow,35413,819,54715,8/13/2022,,,,,,,,,,
India,Maharashtra,11435,429,13021,11/29/2021,,,,,,,,,,
Germany,Karnataka,54911,3669,24528,5/25/2022,,,,,,,,,,
Italy,Florida,29067,3826,39828,10/23/2021,,,,,,,,,,
Italy,Texas,88794,1288,27801,2/14/2022,,,,,,,,,,
United States,London,94823,2533,38515,1/31/2022,,,,,,,,,,
United Kingdom,New York,70224,1450,37345,8/2/2022,,,,,,,,,,
Italy,Moscow,74225,1350,,3/20/2022,,,,,,,,,,
United Kingdom,Berlin,2379,2231,44214,7/11/2022,,,,,,,,,,
United Kingdom,Texas,28624,2402,25730,7/23/2022,,,,,,,,,,
India,Karnataka,92500,,49762,12/23/2021,,,,,,,,,,
United Kingdom,Berlin,89427,601,42222,1/25/2020,,,,,,,,,,
Russia,Moscow,58745,536,46859,3/16/2022,,,,,,,,,,
Germany,New York,52805,,63296,5/2/2022,,,,,,,,,,
United States,California,13516,1302,40659,10/25/2021,,,,,,,,,,
Spain,Karnataka,80422,1664,,6/19/2021,,,,,,,,,,
France,Berlin,86843,4916,,2/2/2022,,,,,,,,,,
United States,Karnataka,25843,197,,2/29/2020,,,,,,,,,,
Russia,Maharashtra,6912,2768,35174,4/11/2021,,,,,,,,,,
United States,Berlin,22514,538,18605,3/9/2021,,,,,,,,,,
United Kingdom,Texas,88359,443,30239,5/28/2022,,,,,,,,,,
India,California,,3522,32469,3/6/2020,,,,,,,,,,
France,California,29797,1814,14997,6/28/2022,,,,,,,,,,
Italy,Florida,7449,312,2316,7/18/2021,,,,,,,,,,
India,Karnataka,2725,4192,59754,7/16/2022,,,,,,,,,,
United Kingdom,London,,447,69885,4/15/2020,,,,,,,,,,
United Kingdom,California,10304,2598,34326,4/5/2020,,,,,,,,,,
France,California,74058,842,63865,9/14/2022,,,,,,,,,,
France,Maharashtra,14663,806,,11/18/2021,,,,,,,,,,
Brazil,Paris,71320,569,4859,7/4/2021,,,,,,,,,,
Mexico,Maharashtra,,3598,13309,6/16/2020,,,,,,,,,,
Mexico,Maharashtra,95488,771,64950,2/11/2020,,,,,,,,,,
India,Paris,76591,3584,,5/28/2022,,,,,,,,,,
Italy,Karnataka,96044,3795,2593,4/13/2020,,,,,,,,,,
United States,Berlin,13676,2524,44998,4/24/2022,,,,,,,,,,
United Kingdom,New York,26192,694,41485,7/22/2020,,,,,,,,,,
United Kingdom,London,25722,4243,32509,6/3/2021,,,,,,,,,,
Brazil,California,8446,587,18218,9/1/2022,,,,,,,,,,
India,Florida,5725,4815,17205,10/8/2020,,,,,,,,,,
India,London,865970,237,63098,6/26/2022,,,,,,,,,,
Germany,Berlin,89207,2338,12739,2/12/2020,,,,,,,,,,
France,Paris,58632,2741,47122,8/4/2022,,,,,,,,,,
Italy,London,67945,837,47165,4/19/2020,,,,,,,,,,
France,California,74741,440,,9/13/2022,,,,,,,,,,
Italy,London,17365,1073,11919,7/28/2020,,,,,,,,,,
Russia,New York,66792,1719,15503,1/18/2022,,,,,,,,,,
Spain,Paris,658570,1244,31366,5/17/2022,,,,,,,,,,
Mexico,London,16704,311,22488,4/10/2022,,,,,,,,,,
Mexico,California,51575,1430,56394,2/18/2020,,,,,,,,,,
Italy,California,30902,4638,6174,4/24/2020,,,,,,,,,,
Mexico,London,2195,778,66946,6/3/2020,,,,,,,,,,
France,Karnataka,54517,1414,29572,10/10/2021,,,,,,,,,,
United Kingdom,Florida,35012,453,34217,5/17/2021,,,,,,,,,,
France,Moscow,12415,3114,27151,11/9/2021,,,,,,,,,,
Italy,Maharashtra,40534,4365,44791,4/12/2022,,,,,,,,,,
India,Paris,22686,3315,63850,12/11/2021,,,,,,,,,,
France,Moscow,78198,1548,5146,9/12/2022,,,,,,,,,,
Mexico,Berlin,29743,3940,,3/11/2020,,,,,,,,,,
Brazil,Berlin,,1341,68436,6/2/2021,,,,,,,,,,
Germany,California,62313,79,44831,12/12/2021,,,,,,,,,,
United Kingdom,Berlin,3402,,22685,12/1/2020,,,,,,,,,,
Mexico,Karnataka,64190,490,,3/7/2020,,,,,,,,,,
Brazil,Florida,53551,4104,67054,5/7/2021,,,,,,,,,,
Italy,Berlin,14275,3506,18063,10/11/2021,,,,,,,,,,
Russia,New York,29182,2803,16201,1/23/2022,,,,,,,,,,
Brazil,Florida,,2902,69572,8/24/2022,,,,,,,,,,
Spain,Karnataka,1909,1208,48717,7/31/2020,,,,,,,,,,
Russia,Moscow,,2382,45110,6/29/2020,,,,,,,,,,
United States,Florida,23620,1902,50631,2/4/2022,,,,,,,,,,
United Kingdom,Florida,,1893,29910,9/4/2021,,,,,,,,,,
Mexico,Moscow,75051,807,59215,5/12/2022,,,,,,,,,,
United States,Karnataka,3431,27,39165,8/21/2021,,,,,,,,,,
France,Berlin,87590,53,16457,11/27/2021,,,,,,,,,,
Italy,California,631750,,48627,8/25/2021,,,,,,,,,,
United Kingdom,Paris,33624,,64089,9/4/2020,,,,,,,,,,
India,Moscow,77121,3458,46508,8/1/2020,,,,,,,,,,
Russia,Moscow,62264,4848,62420,12/24/2020,,,,,,,,,,
India,Moscow,32958,4090,33375,9/5/2020,,,,,,,,,,
United States,Moscow,2695,1435,2126,9/29/2021,,,,,,,,,,
Brazil,Paris,50932,4330,64322,7/11/2022,,,,,,,,,,
Brazil,Paris,45225,,34142,8/7/2022,,,,,,,,,,
Italy,Berlin,2403,3649,38811,5/30/2022,,,,,,,,,,
United States,London,84346,,32856,5/30/2021,,,,,,,,,,
Germany,London,,1902,4309,3/28/2020,,,,,,,,,,
United Kingdom,Texas,39636,907,43871,10/24/2021,,,,,,,,,,
Russia,Moscow,11839,,,6/24/2020,,,,,,,,,,
Brazil,Moscow,66546,4550,9965,12/23/2021,,,,,,,,,,
Brazil,Florida,48829,1268,66595,3/1/2021,,,,,,,,,,
India,London,10230,2025,65750,2/9/2022,,,,,,,,,,
India,Berlin,52977,4843,,8/25/2021,,,,,,,,,,
Mexico,California,41232,1712,46523,2/9/2022,,,,,,,,,,
France,Texas,95792,883,47124,7/12/2022,,,,,,,,,,
Germany,Texas,26651,575,16927,12/3/2021,,,,,,,,,,
India,Berlin,98919,,33776,3/21/2020,,,,,,,,,,
India,California,40963,1895,3939,7/15/2022,,,,,,,,,,
United Kingdom,Florida,56872,2133,17800,5/17/2020,,,,,,,,,,
Mexico,Paris,80198,4652,60789,3/8/2021,,,,,,,,,,
India,Maharashtra,14739,2324,17682,4/14/2021,,,,,,,,,,
Russia,London,64294,4422,,12/15/2020,,,,,,,,,,
United Kingdom,Moscow,49356,3893,27409,5/5/2020,,,,,,,,,,
France,Berlin,2789,3202,20159,5/30/2022,,,,,,,,,,
United States,London,20420,1869,31903,7/5/2022,,,,,,,,,,
United Kingdom,Moscow,90297,34,34086,5/17/2022,,,,,,,,,,
United States,Maharashtra,38606,3513,,11/4/2020,,,,,,,,,,
Brazil,Maharashtra,39640,4265,21924,5/4/2022,,,,,,,,,,
Mexico,Paris,45135,1147,49291,8/17/2020,,,,,,,,,,
France,Karnataka,38067,1199,3565,4/4/2021,,,,,,,,,,
Mexico,Maharashtra,59420,,69295,12/10/2020,,,,,,,,,,
France,London,18357,4106,12800,11/5/2020,,,,,,,,,,
Mexico,New York,40851,3167,33870,8/10/2022,,,,,,,,,,
United Kingdom,New York,39262,,27709,1/20/2020,,,,,,,,,,
Mexico,Moscow,77853,4487,21427,5/30/2022,,,,,,,,,,
Spain,Moscow,,1751,35079,7/14/2021,,,,,,,,,,
France,Karnataka,22534,3698,9532,10/8/2021,,,,,,,,,,
United States,New York,92270,3756,41231,6/24/2021,,,,,,,,,,
France,Moscow,33872,907,,7/13/2021,,,,,,,,,,
Brazil,Maharashtra,8689,4033,50454,4/21/2021,,,,,,,,,,
Russia,Moscow,70103,726,,9/25/2020,,,,,,,,,,
Spain,Texas,87268,3977,34933,1/3/2020,,,,,,,,,,
Italy,Karnataka,87310,4031,16432,2/8/2022,,,,,,,,,,
France,Berlin,,,26214,1/16/2020,,,,,,,,,,
India,California,38412,400,58303,8/28/2021,,,,,,,,,,
United Kingdom,Florida,48734,3894,40243,12/23/2020,,,,,,,,,,
United Kingdom,California,88793,1709,3052,10/7/2021,,,,,,,,,,
Mexico,California,70930,3047,57127,3/23/2022,,,,,,,,,,
Mexico,Paris,23228,242,46487,4/18/2022,,,,,,,,,,
United Kingdom,Berlin,78924,1936,45880,5/12/2020,,,,,,,,,,
Germany,Moscow,12319,3141,29750,11/7/2020,,,,,,,,,,
Spain,Paris,7475,3316,68844,8/24/2022,,,,,,,,,,
Spain,California,98091,2734,65186,4/26/2021,,,,,,,,,,
United States,Texas,84694,4811,,6/13/2022,,,,,,,,,,
France,Florida,15728,243,15795,6/27/2021,,,,,,,,,,
Italy,California,30545,1401,55748,10/31/2020,,,,,,,,,,
United Kingdom,New York,97636,,11023,9/25/2020,,,,,,,,,,
France,Berlin,82686,1265,46030,2/17/2021,,,,,,,,,,
Spain,Berlin,99750,2548,14269,1/25/2020,,,,,,,,,,
Brazil,Berlin,99412,3700,63542,9/7/2022,,,,,,,,,,
United Kingdom,Karnataka,62756,899,45145,11/11/2020,,,,,,,,,,
France,Karnataka,69775,4697,62642,7/24/2021,,,,,,,,,,
Spain,Maharashtra,39699,755,26057,12/25/2021,,,,,,,,,,
Russia,London,37821,1729,37585,10/29/2021,,,,,,,,,,
Spain,Florida,31615,437,51208,4/5/2022,,,,,,,,,,
Mexico,Paris,14746,741,51857,10/2/2020,,,,,,,,,,
India,Moscow,87457,,13970,7/18/2022,,,,,,,,,,
Germany,California,23745,4307,,1/23/2021,,,,,,,,,,
Germany,London,2245,845,62528,12/22/2021,,,,,,,,,,
Mexico,Moscow,25853,144,51272,3/19/2021,,,,,,,,,,
Mexico,Paris,28632,2548,52604,9/25/2022,,,,,,,,,,
United Kingdom,London,13856,3728,7130,3/2/2021,,,,,,,,,,
Russia,Moscow,,50,16201,2/26/2020,,,,,,,,,,
Russia,Texas,71641,3377,15359,11/27/2021,,,,,,,,,,
United Kingdom,Karnataka,69049,2425,21683,8/28/2022,,,,,,,,,,
France,Paris,59182,2050,40938,7/19/2021,,,,,,,,,,
United Kingdom,Florida,3801,4349,42744,12/21/2021,,,,,,,,,,
Italy,New York,98881,2959,15521,1/2/2021,,,,,,,,,,
Italy,Texas,,4271,,7/29/2022,,,,,,,,,,
Germany,Karnataka,40749,3476,48543,12/7/2020,,,,,,,,,,
Spain,Berlin,74757,3098,64861,3/15/2022,,,,,,,,,,
United Kingdom,Karnataka,56654,4833,1745,5/1/2022,,,,,,,,,,
United Kingdom,London,72574,1125,41511,10/30/2020,,,,,,,,,,
France,Maharashtra,98567,4588,10855,2/2/2022,,,,,,,,,,
United States,Texas,56381,2600,,1/8/2021,,,,,,,,,,
Germany,Berlin,59601,3583,49504,8/7/2022,,,,,,,,,,
Germany,London,16082,2988,30214,3/26/2022,,,,,,,,,,
Germany,Paris,15648,2457,17698,4/21/2020,,,,,,,,,,
Spain,Florida,,1240,,5/27/2022,,,,,,,,,,
Mexico,Karnataka,35568,2676,2152,1/6/2020,,,,,,,,,,
Brazil,Paris,80646,4985,44125,7/18/2022,,,,,,,,,,
United States,Berlin,72494,4935,19240,12/3/2021,,,,,,,,,,
Spain,London,75632,,4310,4/25/2022,,,,,,,,,,
Italy,Maharashtra,8436,4268,17069,8/1/2022,,,,,,,,,,
France,Karnataka,87713,2604,27283,10/5/2020,,,,,,,,,,
Mexico,Florida,27754,3440,9971,1/16/2021,,,,,,,,,,
Italy,Maharashtra,61194,2927,6663,5/1/2022,,,,,,,,,,
Mexico,Moscow,25544,2962,63587,1/13/2020,,,,,,,,,,
Russia,London,61180,2005,62571,10/29/2020,,,,,,,,,,
Germany,Paris,64295,3901,16565,7/9/2021,,,,,,,,,,
Mexico,Karnataka,13638,316,48848,9/8/2021,,,,,,,,,,
India,Karnataka,66715,1372,19654,6/8/2020,,,,,,,,,,
Germany,Berlin,70409,2112,20729,6/2/2020,,,,,,,,,,
Germany,Florida,84106,3040,53087,1/23/2022,,,,,,,,,,
France,New York,18157,,,6/29/2020,,,,,,,,,,
United States,Moscow,46565,2762,27497,6/9/2021,,,,,,,,,,
Italy,Maharashtra,70996,252,21601,6/28/2020,,,,,,,,,,
Mexico,Texas,66888,1894,40891,1/11/2021,,,,,,,,,,
Mexico,Texas,57095,1442,59905,3/14/2022,,,,,,,,,,
Russia,Karnataka,65947,2560,35448,2/14/2022,,,,,,,,,,
Germany,Berlin,88122,312,53531,6/16/2020,,,,,,,,,,
United Kingdom,California,71880,4340,38421,8/1/2020,,,,,,,,,,
Brazil,Karnataka,5507,3119,28960,5/29/2020,,,,,,,,,,
United Kingdom,Texas,44988,,21571,1/16/2020,,,,,,,,,,
Mexico,Texas,,4300,66618,3/31/2020,,,,,,,,,,
United Kingdom,Moscow,17865,1560,48782,4/29/2020,,,,,,,,,,
France,Paris,28213,,58945,8/13/2022,,,,,,,,,,
India,California,56954,656,55316,9/9/2020,,,,,,,,,,
Mexico,Karnataka,58450,4666,3560,2/29/2020,,,,,,,,,,
Mexico,Moscow,5477,722,14231,9/22/2020,,,,,,,,,,
India,Berlin,63222,4518,21219,2/12/2021,,,,,,,,,,
Italy,Moscow,7533,547,,1/31/2020,,,,,,,,,,
India,Karnataka,50395,244,49616,1/21/2020,,,,,,,,,,
United Kingdom,London,24396,2406,26825,12/31/2021,,,,,,,,,,
France,New York,13755,1514,23097,8/15/2021,,,,,,,,,,
Russia,Karnataka,1865,1384,67939,10/15/2020,,,,,,,,,,
Italy,Florida,,4521,,6/26/2021,,,,,,,,,,
Spain,Texas,59905,1919,24778,5/12/2021,,,,,,,,,,
Russia,California,39097,925,15641,1/15/2022,,,,,,,,,,
United States,California,34371,3968,68413,4/18/2021,,,,,,,,,,
United States,Paris,12254,90,34115,2/8/2021,,,,,,,,,,
United States,New York,5018,2093,63251,7/1/2021,,,,,,,,,,
United States,Florida,6192,2698,27952,8/18/2022,,,,,,,,,,
France,Texas,3015,1700,23225,5/11/2020,,,,,,,,,,
Russia,California,69916,766,50891,11/19/2020,,,,,,,,,,
Germany,Florida,29343,2680,12198,5/7/2022,,,,,,,,,,
Brazil,Moscow,70306,3761,2865,5/11/2020,,,,,,,,,,
Italy,Paris,6829,,43872,6/4/2021,,,,,,,,,,
Spain,Karnataka,35381,477,44634,1/30/2020,,,,,,,,,,
United Kingdom,Karnataka,82081,1504,38323,9/18/2021,,,,,,,,,,
Mexico,London,19263,,2449,10/27/2020,,,,,,,,,,
United States,Texas,54260,911,49896,1/4/2020,,,,,,,,,,
Spain,Florida,44306,682,,11/20/2020,,,,,,,,,,
Mexico,Maharashtra,,448,57447,5/23/2021,,,,,,,,,,
Brazil,California,59418,4232,,8/24/2020,,,,,,,,,,
Spain,Berlin,91898,2086,64465,6/18/2021,,,,,,,,,,
Russia,Berlin,1148,454,17008,1/16/2020,,,,,,,,,,
Spain,Karnataka,2754,975,46092,6/17/2021,,,,,,,,,,
United States,Maharashtra,,3800,2419,9/23/2022,,,,,,,,,,
Brazil,Berlin,73914,473,,8/6/2021,,,,,,,,,,
United Kingdom,New York,,2208,10117,3/26/2022,,,,,,,,,,
Germany,New York,21140,2297,33798,3/21/2021,,,,,,,,,,
India,Texas,75907,3775,7429,9/19/2022,,,,,,,,,,
United States,Maharashtra,61653,3186,14956,5/17/2021,,,,,,,,,,
Mexico,New York,93535,4018,38424,8/13/2022,,,,,,,,,,
Brazil,New York,62521,3514,24740,8/17/2020,,,,,,,,,,
Russia,Karnataka,79315,922,9728,4/16/2020,,,,,,,,,,
France,Berlin,32075,506,22186,12/20/2021,,,,,,,,,,
Brazil,Texas,31697,1473,12420,1/23/2021,,,,,,,,,,
Mexico,Florida,,4263,7932,12/20/2021,,,,,,,,,,
India,Moscow,10795,4277,64075,9/19/2020,,,,,,,,,,
India,California,65555,503,34410,7/16/2021,,,,,,,,,,
Italy,California,53204,1436,30726,3/5/2020,,,,,,,,,,
Germany,Paris,70754,1702,59599,9/21/2020,,,,,,,,,,
Mexico,Moscow,65860,1803,18513,12/3/2020,,,,,,,,,,
India,Moscow,52529,2733,21946,10/27/2020,,,,,,,,,,
Italy,California,12672,668,63009,1/12/2021,,,,,,,,,,
Italy,California,55238,,1057,6/23/2020,,,,,,,,,,
Italy,Florida,97578,4472,31166,8/20/2022,,,,,,,,,,
Brazil,Maharashtra,36950,559,37889,5/31/2020,,,,,,,,,,
Italy,Maharashtra,12009,652,,4/20/2021,,,,,,,,,,
United States,Florida,,4360,25078,9/22/2020,,,,,,,,,,
Mexico,Berlin,20544,217,10096,11/24/2020,,,,,,,,,,
United States,Moscow,56728,2507,58000,8/30/2022,,,,,,,,,,
France,London,30381,4200,10629,3/26/2022,,,,,,,,,,
India,Moscow,26287,1893,63894,6/11/2020,,,,,,,,,,
Germany,Paris,,,66546,3/13/2021,,,,,,,,,,
Italy,California,69122,,12096,12/8/2020,,,,,,,,,,
Russia,Moscow,69184,771,65855,1/1/2021,,,,,,,,,,
Russia,California,41081,199,13474,4/9/2021,,,,,,,,,,
India,Moscow,84637,,67173,1/19/2022,,,,,,,,,,
France,Paris,46312,1456,22318,7/17/2020,,,,,,,,,,
Russia,Berlin,88228,,43746,5/14/2021,,,,,,,,,,
United States,London,,1673,56098,1/16/2020,,,,,,,,,,
Spain,New York,83790,1845,3154,3/31/2022,,,,,,,,,,
Brazil,Florida,81770,4238,34258,10/22/2020,,,,,,,,,,
United Kingdom,Florida,53726,4160,24704,5/17/2022,,,,,,,,,,
Russia,London,23211,4070,35428,5/25/2021,,,,,,,,,,
Germany,Moscow,30480,4615,54109,2/26/2022,,,,,,,,,,
Italy,New York,48780,4775,,9/10/2022,,,,,,,,,,
Germany,Paris,58138,,10836,8/26/2020,,,,,,,,,,
Mexico,Maharashtra,91382,1699,47537,8/3/2021,,,,,,,,,,
Brazil,Moscow,43503,1326,16706,10/27/2020,,,,,,,,,,
United States,Berlin,58893,4839,35331,1/6/2020,,,,,,,,,,
France,California,47193,3196,44063,8/7/2020,,,,,,,,,,
Brazil,Texas,62358,4030,18861,2/4/2022,,,,,,,,,,
United Kingdom,Moscow,81857,,41835,3/28/2021,,,,,,,,,,
Spain,Texas,79182,1155,26316,3/8/2021,,,,,,,,,,
Russia,Moscow,23117,4404,16119,3/17/2022,,,,,,,,,,
France,London,60056,570,27319,5/19/2022,,,,,,,,,,
France,Texas,,1922,,1/20/2021,,,,,,,,,,
Russia,Moscow,71429,1874,9298,9/10/2021,,,,,,,,,,
Russia,Florida,10476,306,,10/21/2020,,,,,,,,,,
Russia,Texas,83806,2419,50195,4/27/2020,,,,,,,,,,
Russia,Moscow,56006,2646,33247,2/8/2021,,,,,,,,,,
Russia,Maharashtra,88238,1471,21682,11/10/2021,,,,,,,,,,
France,California,70918,4302,9915,9/23/2022,,,,,,,,,,
India,Maharashtra,64155,2278,11585,2/1/2022,,,,,,,,,,
India,New York,68321,1004,15508,8/16/2021,,,,,,,,,,
Germany,Moscow,46798,17,18952,7/19/2021,,,,,,,,,,
India,Karnataka,78271,2601,64575,1/21/2022,,,,,,,,,,
United Kingdom,Berlin,31177,2525,8620,5/27/2022,,,,,,,,,,
India,Maharashtra,97248,4425,64885,1/12/2020,,,,,,,,,,
France,Texas,83215,1427,18670,7/27/2020,,,,,,,,,,
Russia,London,44013,2326,16759,6/13/2020,,,,,,,,,,
Italy,Berlin,83600,3942,22599,5/27/2022,,,,,,,,,,
Italy,Karnataka,97099,,10149,10/20/2020,,,,,,,,,,
United Kingdom,Paris,54450,2854,59758,6/29/2022,,,,,,,,,,
Mexico,Moscow,99628,1128,41537,6/2/2021,,,,,,,,,,
France,London,,562,12305,3/18/2020,,,,,,,,,,
United States,Moscow,93403,670,43647,3/9/2021,,,,,,,,,,
Brazil,New York,,725,46553,7/30/2021,,,,,,,,,,
Germany,Karnataka,86038,3595,11485,9/5/2021,,,,,,,,,,
United States,Moscow,1760,3771,12891,8/20/2022,,,,,,,,,,
France,Texas,25142,2539,5361,5/18/2022,,,,,,,,,,
India,New York,,3980,64082,3/22/2022,,,,,,,,,,
Russia,Florida,72035,3417,52428,3/9/2022,,,,,,,,,,
United States,Paris,,1468,34864,11/13/2021,,,,,,,,,,
Brazil,Karnataka,57921,3277,43423,3/17/2020,,,,,,,,,,
Mexico,California,20797,864,8419,2/17/2020,,,,,,,,,,
Italy,London,33535,4770,,2/5/2022,,,,,,,,,,
Mexico,Maharashtra,,3547,47896,3/22/2020,,,,,,,,,,
Brazil,Moscow,481760,1907,35340,6/13/2022,,,,,,,,,,
Russia,London,17105,,42755,12/21/2021,,,,,,,,,,
India,London,,4097,8676,7/27/2020,,,,,,,,,,
Brazil,California,,1282,34029,3/20/2021,,,,,,,,,,
Germany,California,43029,4384,56906,8/28/2022,,,,,,,,,,
Brazil,New York,168630,,13441,8/18/2021,,,,,,,,,,
France,Karnataka,79097,825,2169,6/5/2021,,,,,,,,,,
India,Texas,11447,4381,45359,1/29/2020,,,,,,,,,,
Russia,Paris,97160,932,56286,10/30/2020,,,,,,,,,,
Italy,California,,4747,51583,9/20/2022,,,,,,,,,,
Italy,California,78947,,40576,4/9/2021,,,,,,,,,,
Brazil,Maharashtra,86001,4877,20823,5/16/2021,,,,,,,,,,
France,Florida,20642,1274,,3/21/2021,,,,,,,,,,
United States,California,97798,3734,,9/19/2021,,,,,,,,,,
Mexico,Florida,96899,2797,50855,5/4/2021,,,,,,,,,,
Mexico,New York,68643,2732,45232,2/19/2022,,,,,,,,,,
Mexico,Texas,8928,4233,9211,3/3/2021,,,,,,,,,,
United States,London,49002,2560,63579,7/12/2021,,,,,,,,,,
France,California,85853,2959,8404,12/24/2020,,,,,,,,,,
Mexico,Moscow,26017,1683,64533,8/17/2022,,,,,,,,,,
Germany,Florida,80064,4597,55596,3/31/2020,,,,,,,,,,
United States,Maharashtra,,3102,3593,2/22/2020,,,,,,,,,,
United States,Paris,2559,2848,25418,12/30/2021,,,,,,,,,,
Russia,Maharashtra,51893,1676,63136,5/9/2022,,,,,,,,,,
Russia,California,16167,,,8/11/2021,,,,,,,,,,
India,Karnataka,81879,2205,9894,7/22/2020,,,,,,,,,,
Germany,London,39598,1394,13780,7/9/2021,,,,,,,,,,
Germany,Texas,,4413,36803,6/4/2020,,,,,,,,,,
India,Moscow,50777,3964,,1/2/2020,,,,,,,,,,
Germany,Karnataka,29439,2909,61195,12/22/2020,,,,,,,,,,
United Kingdom,Maharashtra,82060,70,68949,4/4/2022,,,,,,,,,,
Spain,Florida,14285,3957,26265,7/22/2021,,,,,,,,,,
Mexico,Florida,11973,2300,2840,3/12/2022,,,,,,,,,,
Russia,Karnataka,23694,482,38557,9/9/2022,,,,,,,,,,
India,Florida,36774,968,,2/27/2020,,,,,,,,,,
India,Maharashtra,5302,,58488,9/10/2020,,,,,,,,,,
Germany,Karnataka,,503,15525,6/28/2020,,,,,,,,,,
United States,Maharashtra,5611,91,7645,5/7/2021,,,,,,,,,,
Italy,Moscow,10372,4984,56297,10/30/2021,,,,,,,,,,
Brazil,London,25312,2980,42223,2/4/2020,,,,,,,,,,
Brazil,Paris,15080,21,5330,3/15/2020,,,,,,,,,,
India,Moscow,81618,4554,24430,8/1/2022,,,,,,,,,,
Mexico,Moscow,97213,771,24252,10/15/2020,,,,,,,,,,
United Kingdom,Florida,21874,3195,62540,1/5/2021,,,,,,,,,,
Mexico,California,63537,35,68196,8/9/2021,,,,,,,,,,
India,Berlin,74914,1816,65148,11/24/2020,,,,,,,,,,
Mexico,Florida,2597,4167,55530,8/12/2021,,,,,,,,,,
Russia,California,12600,4334,57315,2/5/2022,,,,,,,,,,
Mexico,Maharashtra,,4712,36190,2/15/2022,,,,,,,,,,
Germany,Berlin,80415,3669,58423,9/25/2022,,,,,,,,,,
Germany,Florida,,1535,37072,10/30/2020,,,,,,,,,,
United Kingdom,Berlin,25815,770,54530,8/1/2021,,,,,,,,,,
Russia,Berlin,85500,604,68404,8/8/2020,,,,,,,,,,
Italy,New York,95348,1065,,9/5/2022,,,,,,,,,,
United States,London,25714,,6108,6/12/2020,,,,,,,,,,
Russia,New York,19890,,46167,4/24/2021,,,,,,,,,,
France,California,62509,3926,56047,3/30/2021,,,,,,,,,,
Spain,Texas,62824,3685,22985,1/9/2021,,,,,,,,,,
India,Karnataka,5725,2058,10362,8/7/2020,,,,,,,,,,
France,Paris,44205,1468,58060,11/14/2021,,,,,,,,,,
United Kingdom,Texas,21684,1229,28915,9/10/2020,,,,,,,,,,
France,Karnataka,92861,,,12/22/2021,,,,,,,,,,
Germany,California,58911,4191,19823,7/6/2020,,,,,,,,,,
Mexico,California,99078,1509,53714,7/9/2020,,,,,,,,,,
United States,Maharashtra,14092,1840,18497,1/23/2021,,,,,,,,,,
Brazil,Paris,96918,3405,57503,8/2/2020,,,,,,,,,,
India,London,40770,1213,4179,1/9/2021,,,,,,,,,,
Brazil,Berlin,26457,4280,40808,3/26/2020,,,,,,,,,,
Mexico,New York,72667,2820,40342,4/18/2021,,,,,,,,,,
Germany,New York,91751,3102,65908,9/9/2021,,,,,,,,,,
Germany,California,63894,3054,54438,4/23/2022,,,,,,,,,,
Mexico,New York,62305,4683,6195,3/18/2022,,,,,,,,,,
India,California,13612,3524,58999,6/14/2021,,,,,,,,,,
Brazil,Berlin,79627,1808,23882,2/16/2020,,,,,,,,,,
Russia,California,38089,2585,14735,3/5/2020,,,,,,,,,,
Germany,Maharashtra,,154,62723,8/20/2022,,,,,,,,,,
Brazil,London,53137,,2866,4/19/2021,,,,,,,,,,
Italy,Moscow,1559,3936,27967,5/25/2020,,,,,,,,,,
Brazil,Florida,67249,1387,59816,8/3/2022,,,,,,,,,,
Italy,London,38361,3156,7264,3/8/2022,,,,,,,,,,
Italy,London,81720,1835,62336,1/16/2021,,,,,,,,,,
Germany,Texas,16261,803,32423,3/6/2020,,,,,,,,,,
India,Paris,21372,1611,16792,5/31/2021,,,,,,,,,,
United Kingdom,Paris,,4424,2114,4/2/2020,,,,,,,,,,
Germany,Karnataka,,1120,21439,5/14/2022,,,,,,,,,,
India,Florida,99560,4063,19300,3/1/2021,,,,,,,,,,
India,Berlin,58920,4803,56940,4/12/2021,,,,,,,,,,
France,Moscow,33544,3947,23746,4/3/2020,,,,,,,,,,
Mexico,Moscow,1037,3973,53305,9/9/2021,,,,,,,,,,
Mexico,Paris,44032,4952,50148,5/12/2020,,,,,,,,,,
Mexico,London,79233,792,,3/9/2021,,,,,,,,,,
Spain,Maharashtra,42420,1126,,12/6/2020,,,,,,,,,,
Germany,Karnataka,98243,1760,30264,11/9/2020,,,,,,,,,,
India,California,92552,,32970,8/13/2021,,,,,,,,,,
France,Karnataka,35600,4037,39001,7/30/2020,,,,,,,,,,
Italy,Texas,49285,3346,57707,6/3/2021,,,,,,,,,,
United Kingdom,Karnataka,63008,4397,62657,6/7/2020,,,,,,,,,,
United Kingdom,London,90520,1497,3716,9/24/2020,,,,,,,,,,
Italy,Berlin,6167,,22572,10/22/2021,,,,,,,,,,
Brazil,London,1432,3641,37632,5/11/2022,,,,,,,,,,
Brazil,Paris,70687,4202,18361,8/15/2022,,,,,,,,,,
Mexico,Berlin,72947,3968,64686,8/25/2021,,,,,,,,,,
Germany,New York,97324,3407,5460,1/17/2022,,,,,,,,,,
Spain,Berlin,,83,19281,4/18/2021,,,,,,,,,,
France,Karnataka,93159,1369,31626,3/11/2022,,,,,,,,,,
United Kingdom,Karnataka,55149,1101,23078,2/13/2021,,,,,,,,,,
Mexico,Karnataka,88640,4863,18383,4/18/2021,,,,,,,,,,
United States,New York,57768,1951,30282,12/21/2020,,,,,,,,,,
Mexico,Paris,61184,3158,,11/10/2021,,,,,,,,,,
United States,California,66792,4313,17479,7/11/2020,,,,,,,,,,
Russia,Florida,34439,1254,34246,11/29/2021,,,,,,,,,,
India,Paris,34257,1295,66766,9/27/2020,,,,,,,,,,
Italy,Karnataka,45674,4515,556,4/23/2020,,,,,,,,,,
India,Paris,52248,3046,31957,6/15/2022,,,,,,,,,,
Mexico,Texas,84602,780,2743,6/6/2021,,,,,,,,,,
India,Moscow,,1853,55531,2/24/2020,,,,,,,,,,
France,Moscow,99282,83,2201,2/8/2022,,,,,,,,,,
Russia,Florida,68996,1670,56881,3/5/2020,,,,,,,,,,
Spain,Florida,38297,4359,50938,9/17/2022,,,,,,,,,,
Russia,California,55273,,66983,11/14/2021,,,,,,,,,,
United Kingdom,Texas,62256,3828,21005,9/28/2020,,,,,,,,,,
France,London,35743,,7053,5/16/2021,,,,,,,,,,
India,Paris,69752,1431,34025,10/23/2021,,,,,,,,,,
Spain,Berlin,80803,3665,44848,12/27/2020,,,,,,,,,,
India,Berlin,76117,4941,7773,5/25/2020,,,,,,,,,,
Germany,London,71051,1701,64736,7/31/2022,,,,,,,,,,
Germany,Moscow,23076,,4035,7/27/2020,,,,,,,,,,
Brazil,London,76312,4418,,10/12/2020,,,,,,,,,,
Russia,Paris,88483,237,1408,1/10/2020,,,,,,,,,,
Spain,Texas,3963,2891,35579,1/8/2022,,,,,,,,,,
Germany,Karnataka,73322,4963,49823,7/4/2020,,,,,,,,,,
Brazil,New York,14866,2875,45820,7/27/2021,,,,,,,,,,
France,Karnataka,33305,2585,46605,8/19/2021,,,,,,,,,,
Spain,New York,63403,4532,30664,4/8/2021,,,,,,,,,,
Brazil,Berlin,83896,474,2385,5/13/2020,,,,,,,,,,
Italy,Florida,33813,287,58319,4/14/2022,,,,,,,,,,
Spain,Paris,67729,4124,,3/19/2022,,,,,,,,,,
Mexico,Karnataka,61686,75,53781,6/19/2020,,,,,,,,,,
Brazil,London,5512,4272,43771,7/31/2020,,,,,,,,,,
India,Texas,23666,412,,8/30/2022,,,,,,,,,,
Mexico,Texas,17630,3993,66851,6/13/2021,,,,,,,,,,
Italy,Moscow,75519,4514,,4/5/2022,,,,,,,,,,
Germany,Texas,1636,3488,58597,5/16/2021,,,,,,,,,,
United States,Texas,4775,3454,,7/25/2021,,,,,,,,,,
Brazil,Florida,68957,4702,25537,8/22/2021,,,,,,,,,,
France,London,65591,,36507,1/27/2020,,,,,,,,,,
Brazil,Berlin,79561,3049,27778,3/8/2020,,,,,,,,,,
United States,Texas,75816,1447,8772,2/28/2022,,,,,,,,,,
Italy,Berlin,12351,438,57683,2/11/2021,,,,,,,,,,
Italy,Florida,56184,2692,38794,7/5/2021,,,,,,,,,,
Mexico,Texas,96707,2787,63009,4/18/2020,,,,,,,,,,
Spain,Paris,70180,3388,5194,3/14/2020,,,,,,,,,,
France,Moscow,82678,402,58650,7/31/2021,,,,,,,,,,
Mexico,Karnataka,74309,4551,67970,11/10/2021,,,,,,,,,,
France,Paris,95002,351,22056,9/18/2020,,,,,,,,,,
France,Maharashtra,11778,142,64971,1/2/2021,,,,,,,,,,
United States,California,13501,274,50355,2/24/2022,,,,,,,,,,
Mexico,Texas,3108,4198,49586,4/28/2022,,,,,,,,,,
France,Berlin,95905,1695,19407,5/19/2022,,,,,,,,,,
United Kingdom,California,37382,1444,48987,8/24/2020,,,,,,,,,,
United States,New York,92354,1670,29658,12/27/2021,,,,,,,,,,
Italy,Texas,76787,3827,20793,12/31/2020,,,,,,,,,,
United States,Maharashtra,24341,2364,46261,10/12/2020,,,,,,,,,,
India,Florida,78214,275,,1/12/2021,,,,,,,,,,
India,Moscow,15367,4751,41250,10/22/2021,,,,,,,,,,
France,Maharashtra,,1146,,4/9/2022,,,,,,,,,,
Mexico,Berlin,70868,,,6/24/2022,,,,,,,,,,
Italy,Florida,13002,4936,6094,1/10/2021,,,,,,,,,,
United States,Karnataka,86820,1400,2960,9/10/2021,,,,,,,,,,
Mexico,Florida,60949,1122,55198,10/14/2021,,,,,,,,,,
United States,Texas,16700,2244,16691,3/16/2020,,,,,,,,,,
United States,California,80305,2876,11029,1/9/2020,,,,,,,,,,
United Kingdom,California,63543,,,7/14/2020,,,,,,,,,,
India,Berlin,30318,2189,18175,3/17/2022,,,,,,,,,,
United States,Florida,90859,4977,43658,3/2/2022,,,,,,,,,,
United Kingdom,Maharashtra,,644,47298,6/11/2022,,,,,,,,,,
India,Berlin,73499,3641,26476,9/21/2021,,,,,,,,,,
United Kingdom,Moscow,74374,1409,63616,10/16/2020,,,,,,,,,,
Mexico,Berlin,66226,4796,63321,9/25/2022,,,,,,,,,,
Spain,Berlin,46167,2749,12704,3/1/2020,,,,,,,,,,
India,Karnataka,,3180,,7/25/2022,,,,,,,,,,
Germany,Paris,,1875,7894,1/23/2021,,,,,,,,,,
Spain,Texas,62365,1965,65314,4/26/2022,,,,,,,,,,
Mexico,Karnataka,68381,4687,34093,3/28/2022,,,,,,,,,,
United States,California,47710,2228,42464,6/18/2022,,,,,,,,,,
Italy,California,17766,1399,,7/16/2021,,,,,,,,,,
Mexico,New York,13780,4889,943,7/17/2021,,,,,,,,,,
United Kingdom,New York,49458,3140,,9/25/2021,,,,,,,,,,
United Kingdom,Maharashtra,57221,4286,,11/9/2021,,,,,,,,,,
United Kingdom,California,2509,4124,44165,1/8/2020,,,,,,,,,,
United Kingdom,Paris,90493,,,1/3/2021,,,,,,,,,,
Mexico,Karnataka,35346,3176,68747,2/14/2020,,,,,,,,,,
Italy,Moscow,83799,1255,,12/9/2020,,,,,,,,,,
Brazil,Paris,,63,25698,1/26/2022,,,,,,,,,,
United Kingdom,New York,27148,2920,55240,3/6/2022,,,,,,,,,,
Brazil,Florida,32533,2406,22988,1/9/2021,,,,,,,,,,
Italy,Paris,79467,452,39015,9/10/2021,,,,,,,,,,
Italy,Paris,2359,4685,,1/27/2020,,,,,,,,,,
Spain,Paris,91068,3621,2419,7/11/2020,,,,,,,,,,
India,Paris,61313,4387,50570,7/18/2022,,,,,,,,,,
Germany,Paris,21344,2417,63113,4/28/2022,,,,,,,,,,
France,New York,70778,832,47503,12/22/2020,,,,,,,,,,
Germany,California,21601,3712,48978,3/2/2020,,,,,,,,,,
Mexico,Berlin,,2949,,3/2/2020,,,,,,,,,,
France,Paris,57985,4746,46746,2/25/2021,,,,,,,,,,
Italy,Paris,31782,,37149,3/4/2022,,,,,,,,,,
Germany,Texas,50819,2026,59530,9/24/2021,,,,,,,,,,
Russia,California,85416,572,53561,3/2/2022,,,,,,,,,,
India,Berlin,70035,2548,2499,7/4/2021,,,,,,,,,,
Germany,Moscow,,350,15349,1/14/2021,,,,,,,,,,
India,Moscow,45458,4577,53300,10/3/2020,,,,,,,,,,
Brazil,Florida,92556,3785,5945,8/28/2021,,,,,,,,,,
Mexico,London,9080,2306,18540,3/6/2021,,,,,,,,,,
India,Karnataka,89743,,64815,4/24/2020,,,,,,,,,,
Brazil,Texas,34957,1126,746,11/18/2021,,,,,,,,,,
United Kingdom,California,14908,1918,31653,4/30/2020,,,,,,,,,,
Brazil,California,97188,1427,5712,6/8/2021,,,,,,,,,,
Mexico,London,96880,4929,3839,9/23/2022,,,,,,,,,,
Spain,Florida,91570,1301,56738,6/17/2022,,,,,,,,,,
United Kingdom,Maharashtra,92324,3498,19894,2/19/2021,,,,,,,,,,
Italy,New York,79287,4737,54371,6/11/2020,,,,,,,,,,
United States,Florida,48482,3664,35107,2/25/2022,,,,,,,,,,
Brazil,Berlin,99375,,,6/28/2022,,,,,,,,,,
Brazil,Florida,39314,3334,4895,11/18/2021,,,,,,,,,,
India,London,75921,1990,15790,9/8/2022,,,,,,,,,,
Italy,London,84768,2949,65578,12/2/2020,,,,,,,,,,
Germany,Karnataka,16831,1339,4191,1/13/2021,,,,,,,,,,
Russia,Texas,21125,1243,7970,11/19/2020,,,,,,,,,,
France,Paris,,1763,4341,6/21/2020,,,,,,,,,,
Brazil,Moscow,46708,2810,63697,9/26/2022,,,,,,,,,,
Germany,London,18682,2943,56273,2/25/2022,,,,,,,,,,
Russia,Karnataka,83824,2769,18276,3/4/2020,,,,,,,,,,
France,New York,,2785,,4/10/2020,,,,,,,,,,
United States,Moscow,60372,3497,4800,11/17/2020,,,,,,,,,,
India,Maharashtra,,3860,3838,9/1/2022,,,,,,,,,,
Germany,California,54863,,63101,3/6/2020,,,,,,,,,,
India,New York,90941,900,,4/22/2022,,,,,,,,,,
France,Maharashtra,39737,2075,36782,7/10/2021,,,,,,,,,,
,,,,,,,,,,,,,,,
,,,,,,,,,,,,,,,
,,,,,,,,,,,,,,,
,,,,,,,,,,,,,,,
,,,,,,,,,,,,,,,
,,,,,,,,,,,,,,,
,,,,,,,,,,,,,,,
,,,,,,,,,,,,,,,
,,,,,,,,,,,,,,,
,,,,,,,,,,,,,,,
,,,,,,,,,,,,,,,
,,,,,,,,,,,,,,,
,,,,,,,,,,,,,,,
,,,,,,,,,,,,,,,
,,,,,,,,,,,,,,,
,,,,,,,,,,,,,,,
,,,,,,,,,,,,,,,
,,,,,,,,,,,,,,,
,,,,,,,,,,,,,,,
,,,,,,,,,,,,,,,
,,,,,,,,,,,,,,,
,,,,,,,,,,,,,,,
,,,,,,,,,,,,,,,
,,,,,,,,,,,,,,,
,,,,,,,,,,,,,,,
,,,,,,,,,,,,,,,
,,,,,,,,,,,,,,,
,,,,,,,,,,,,,,,
,,,,,,,,,,,,,,,
,,,,,,,,,,,,,,,
,,,,,,,,,,,,,,,
,,,,,,,,,,,,,,,
,,,,,,,,,,,,,,,
,,,,,,,,,,,,,,,
,,,,,,,,,,,,,,,
,,,,,,,,,,,,,,,
,,,,,,,,,,,,,,,
,,,,,,,,,,,,,,,
,,,,,,,,,,,,,,,
,,,,,,,,,,,,,,,
,,,,,,,,,,,,,,,
,,,,,,,,,,,,,,,
,,,,,,,,,,,,,,,
,,,,,,,,,,,,,,,
,,,,,,,,,,,,,,,
,,,,,,,,,,,,,,,
,,,,,,,,,,,,,,,
,,,,,,,,,,,,,,,
,,,,,,,,,,,,,,,
,,,,,,,,,,,,,,,
,,,,,,,,,,,,,,,
,,,,,,,,,,,,,,,
,,,,,,,,,,,,,,,
,,,,,,,,,,,,,,,
,,,,,,,,,,,,,,,
,,,,,,,,,,,,,,,
,,,,,,,,,,,,,,,
,,,,,,,,,,,,,,,
,,,,,,,,,,,,,,,
,,,,,,,,,,,,,,,
,,,,,,,,,,,,,,,
,,,,,,,,,,,,,,,
,,,,,,,,,,,,,,,
,,,,,,,,,,,,,,,
,,,,,,,,,,,,,,,
,,,,,,,,,,,,,,,
,,,,,,,,,,,,,,,
,,,,,,,,,,,,,,,
,,,,,,,,,,,,,,,
,,,,,,,,,,,,,,,
,,,,,,,,,,,,,,,
,,,,,,,,,,,,,,,
,,,,,,,,,,,,,,,
,,,,,,,,,,,,,,,
,,,,,,,,,,,,,,,
,,,,,,,,,,,,,,,
,,,,,,,,,,,,,,,
,,,,,,,,,,,,,,,
,,,,,,,,,,,,,,,
,,,,,,,,,,,,,,,
,,,,,,,,,,,,,,,
,,,,,,,,,,,,,,,
,,,,,,,,,,,,,,,
,,,,,,,,,,,,,,,
,,,,,,,,,,,,,,,
,,,,,,,,,,,,,,,
,,,,,,,,,,,,,,,
,,,,,,,,,,,,,,,
,,,,,,,,,,,,,,,
,,,,,,,,,,,,,,,
,,,,,,,,,,,,,,,
,,,,,,,,,,,,,,,
,,,,,,,,,,,,,,,
,,,,,,,,,,,,,,,
,,,,,,,,,,,,,,,
,,,,,,,,,,,,,,,
,,,,,,,,,,,,,,,
,,,,,,,,,,,,,,,
,,,,,,,,,,,,,,,
,,,,,,,,,,,,,,,
,,,,,,,,,,,,,,,
,,,,,,,,,,,,,,,
,,,,,,,,,,,,,,,
,,,,,,,,,,,,,,,
,,,,,,,,,,,,,,,
,,,,,,,,,,,,,,,
,,,,,,,,,,,,,,,
,,,,,,,,,,,,,,,
,,,,,,,,,,,,,,,
,,,,,,,,,,,,,,,
,,,,,,,,,,,,,,,
,,,,,,,,,,,,,,,
,,,,,,,,,,,,,,,
,,,,,,,,,,,,,,,
,,,,,,,,,,,,,,,
,,,,,,,,,,,,,,,
,,,,,,,,,,,,,,,
,,,,,,,,,,,,,,,
,,,,,,,,,,,,,,,
,,,,,,,,,,,,,,,
